owner,bookNFT,tokenId,stakedAmount,claimable_raw,owed_raw,owed_like
0x9d22F2058b4EA321dE701c75fB907d806e5922BA,0x8EcBaA55E85429D968129207fad35f0d049424CA,0,10000000,111953855492370536,418346,0.418346
0x7D08f52539A8Fa695b474513437B1Ee8Bf5112d7,0x8EcBaA55E85429D968129207fad35f0d049424CA,52,510000000,5709646630049414792,21335665,21.335665
0xb903F6B23A14707Eb4D0FB4E31C4c4e28EDbB8e7,0x8EcBaA55E85429D968129207fad35f0d049424CA,57,100000000,1119538554923705360,4183463,4.183463
0x63252957c9f9a6E7D4558Fd7cC64Be55E8d38A81,0x8EcBaA55E85429D968129207fad35f0d049424CA,145,2000000000,22390771098103880340,83669276,83.669276
0xC6473A964F160B24576946d5c616caDE88B0465C,0x8EcBaA55E85429D968129207fad35f0d049424CA,162,212000000,2373421736388000000,8868943,8.868943
0x6bc21A147962a8399C82D50445a8B479e7817335,0x8EcBaA55E85429D968129207fad35f0d049424CA,259,10000000,111953855491164995,418346,0.418346
0x24cD9d885Fe462354E74BdC5361E0886441875DC,0x8EcBaA55E85429D968129207fad35f0d049424CA,284,10000000,111953855491164995,418346,0.418346
0x342Fd1B0d75966f88870cBbAD9CAf4AFa04998E6,0x8EcBaA55E85429D968129207fad35f0d049424CA,338,100000000,1119538554900000000,4183463,4.183463
0x955DA9462C4960Cf9aEd82B111c12FB13704e09a,0x8EcBaA55E85429D968129207fad35f0d049424CA,345,100000000,1119538554911649959,4183463,4.183463
0x625B192B5019bcA08F4C312ba4319203e5e07e94,0x8EcBaA55E85429D968129207fad35f0d049424CA,376,20000000,223907710980000000,836692,0.836692
0x895383ad6b172E00DB94c29d5a5C60D61dc5BB2d,0x8EcBaA55E85429D968129207fad35f0d049424CA,387,1000000,11195385549116499,41834,0.041834
0xE0B429Fd64880A49DF7e488722e676d51D13Ed34,0x8EcBaA55E85429D968129207fad35f0d049424CA,388,100000000,1119538554911649959,4183463,4.183463
0x1d1F6bEbaB8A03a09fd2E28A2D152a912d4D87c9,0x8EcBaA55E85429D968129207fad35f0d049424CA,389,100000000,1119538554911649959,4183463,4.183463
0x9Bd0787873B50990c14Ef9155D7a095753C22485,0x8EcBaA55E85429D968129207fad35f0d049424CA,545,25000000,279884638725000000,1045865,1.045865
0xD10bCB42C7b5381CBB278aFC02CE0ddAc76CCd4b,0x8EcBaA55E85429D968129207fad35f0d049424CA,773,3000000,33586156647349498,125503,0.125503
0xe584099C39d0eaE355C6b0F003767DD53dFb8F6a,0x8EcBaA55E85429D968129207fad35f0d049424CA,820,1000000000,11195385549116499592,41834638,41.834638
0x3f31371E915efe4067C241b9dDC919919b6871c5,0x8EcBaA55E85429D968129207fad35f0d049424CA,859,5000000000,55976927745582497964,209173203,209.173203
0x874C506D93e1bc08d735730A2e20beD16CE5bDB9,0x8EcBaA55E85429D968129207fad35f0d049424CA,879,500000000,5597692774558249796,20917319,20.917319
0x78eDDc163275E9e254557313CaD83D88e680c99f,0x8EcBaA55E85429D968129207fad35f0d049424CA,1517,2,820042582,0,0.0
0x9d22F2058b4EA321dE701c75fB907d806e5922BA,0x334C13ABf78D5d29DDd32fca627179a5059B5814,1,10000000,1544144,1536615,1.536615
0xC3667DcAD0d71301E913b6cb8741538B7CFe251c,0x334C13ABf78D5d29DDd32fca627179a5059B5814,15,1000000000,87629489,87202229,87.202229
0x8F176D80F72eA56Fbf61b5E56b84414689EA26bA,0x334C13ABf78D5d29DDd32fca627179a5059B5814,34,100000000,8762948,8720222,8.720222
0x7D08f52539A8Fa695b474513437B1Ee8Bf5112d7,0x334C13ABf78D5d29DDd32fca627179a5059B5814,50,1533392471,134370399,133715244,133.715244
0x7fF3c36212F5B10846B7A2569b7b8a822a900050,0x334C13ABf78D5d29DDd32fca627179a5059B5814,73,1000000000,0,0,0.0
0x3FfC07ED6a65E379E39Bef93e713ee3Ff77a56e4,0x334C13ABf78D5d29DDd32fca627179a5059B5814,85,10000000,1544144,1536615,1.536615
0xC4B2d5a6eDba534A848336173e4136f078E1b7ef,0x334C13ABf78D5d29DDd32fca627179a5059B5814,98,1000000000,0,0,0.0
0x47e6c59d1AA905Eb1e847c91E1248a35b8AC3ab4,0x334C13ABf78D5d29DDd32fca627179a5059B5814,164,100000000,8762948,8720222,8.720222
0x0686BcD9e5A94d9f0b29EA7Ce1887d8B2dA21e86,0x334C13ABf78D5d29DDd32fca627179a5059B5814,173,1000000000,87629489,87202229,87.202229
0x24cD9d885Fe462354E74BdC5361E0886441875DC,0x334C13ABf78D5d29DDd32fca627179a5059B5814,283,10000000,876294,872021,0.872021
0xEb2b2A2Ad1a726BcC17D43F7C198625fe8Fd7d16,0x334C13ABf78D5d29DDd32fca627179a5059B5814,324,107000000,9376355,9330638,9.330638
0xDfC4f3454cc725C0A025D29268e7D0A03e8401f8,0x334C13ABf78D5d29DDd32fca627179a5059B5814,342,100000000,8762948,8720222,8.720222
0x22Bd0ec1E8B733B77f8B35447b27cAE41286F86e,0x334C13ABf78D5d29DDd32fca627179a5059B5814,348,100000000,8762948,8720222,8.720222
0xF0269C48252Cd4c942A54F7c2e1a0D5870FDb348,0x334C13ABf78D5d29DDd32fca627179a5059B5814,359,50000000,4381474,4360111,4.360111
0x4Ac887471A53186Fc07877b9aB7ac1c639fEe9E6,0x334C13ABf78D5d29DDd32fca627179a5059B5814,373,100000000,8762948,8720222,8.720222
0x625B192B5019bcA08F4C312ba4319203e5e07e94,0x334C13ABf78D5d29DDd32fca627179a5059B5814,377,10000000,0,0,0.0
0x1d1F6bEbaB8A03a09fd2E28A2D152a912d4D87c9,0x334C13ABf78D5d29DDd32fca627179a5059B5814,390,100000000,8762948,8720222,8.720222
0xE002Bfb4106F3ccc1729EEF333Dc87A5411bB775,0x334C13ABf78D5d29DDd32fca627179a5059B5814,404,500000000,0,0,0.0
0x8EB12Be95E325376721Dd6dDeA39306171fAc71d,0x334C13ABf78D5d29DDd32fca627179a5059B5814,417,10000000,876294,872021,0.872021
0x2696cBF8Ef06175cd2DDb80b928f7A8E81De1e3e,0x334C13ABf78D5d29DDd32fca627179a5059B5814,525,1000000000,0,0,0.0
0x66AD8D3E0db87Ae882C1788e2cda9e31cDB4F013,0x334C13ABf78D5d29DDd32fca627179a5059B5814,583,1000000000,87629489,87202229,87.202229
0xD10bCB42C7b5381CBB278aFC02CE0ddAc76CCd4b,0x334C13ABf78D5d29DDd32fca627179a5059B5814,796,3000000,262888,261606,0.261606
0xe584099C39d0eaE355C6b0F003767DD53dFb8F6a,0x334C13ABf78D5d29DDd32fca627179a5059B5814,818,1000000000,87629489,87202229,87.202229
0x874C506D93e1bc08d735730A2e20beD16CE5bDB9,0x334C13ABf78D5d29DDd32fca627179a5059B5814,878,500000000,43814744,43601114,43.601114
0x9d22F2058b4EA321dE701c75fB907d806e5922BA,0xd984aBfe4F9dcdbee653bF9d1247EDD0e2102C51,4,10000000,927682,926245,0.926245
0x8F176D80F72eA56Fbf61b5E56b84414689EA26bA,0xd984aBfe4F9dcdbee653bF9d1247EDD0e2102C51,35,100000000,1299985,1297972,1.297972
0x7D08f52539A8Fa695b474513437B1Ee8Bf5112d7,0xd984aBfe4F9dcdbee653bF9d1247EDD0e2102C51,65,105000000,1364984,1362870,1.36287
0xac770FE814f733a7c74F3698e9ff49b0AcEFDa75,0xd984aBfe4F9dcdbee653bF9d1247EDD0e2102C51,107,22448489350,378246862,377661271,377.661271
0x47e6c59d1AA905Eb1e847c91E1248a35b8AC3ab4,0xd984aBfe4F9dcdbee653bF9d1247EDD0e2102C51,166,300000000,5054863,5047037,5.047037
0xC6473A964F160B24576946d5c616caDE88B0465C,0xd984aBfe4F9dcdbee653bF9d1247EDD0e2102C51,274,100000000,448025,447331,0.447331
0x24cD9d885Fe462354E74BdC5361E0886441875DC,0xd984aBfe4F9dcdbee653bF9d1247EDD0e2102C51,282,10000000,560756,559887,0.559887
0x3c5A725f73F9426A19c9258F85B7b60b3D8125A9,0xd984aBfe4F9dcdbee653bF9d1247EDD0e2102C51,341,100000000,5607569,5598887,5.598887
0x625B192B5019bcA08F4C312ba4319203e5e07e94,0xd984aBfe4F9dcdbee653bF9d1247EDD0e2102C51,378,10000000,44802,44732,0.044732
0x22ec2A291BaE09B5615C52B193D32DBD56385C30,0xd984aBfe4F9dcdbee653bF9d1247EDD0e2102C51,403,100000000,5607569,5598887,5.598887
0x8EB12Be95E325376721Dd6dDeA39306171fAc71d,0xd984aBfe4F9dcdbee653bF9d1247EDD0e2102C51,418,10000000,560756,559887,0.559887
0x9Bd0787873B50990c14Ef9155D7a095753C22485,0xd984aBfe4F9dcdbee653bF9d1247EDD0e2102C51,543,25000000,324996,324492,0.324492
0xD10bCB42C7b5381CBB278aFC02CE0ddAc76CCd4b,0xd984aBfe4F9dcdbee653bF9d1247EDD0e2102C51,756,3000000,50548,50469,0.050469
0xe584099C39d0eaE355C6b0F003767DD53dFb8F6a,0xd984aBfe4F9dcdbee653bF9d1247EDD0e2102C51,819,1000000000,12999856,12979729,12.979729
0xd3448A4843981BaEB66459Faab20cB6e669419F4,0xd984aBfe4F9dcdbee653bF9d1247EDD0e2102C51,1072,1000000,14450,14427,0.014427
0x3FfC07ED6a65E379E39Bef93e713ee3Ff77a56e4,0x5aDCb8a737e4AaABf7Ff6b656Acd5dc60E983757,5,10000000,112385003974414223,0,0.0
0x8F176D80F72eA56Fbf61b5E56b84414689EA26bA,0x5aDCb8a737e4AaABf7Ff6b656Acd5dc60E983757,18,5500000000,61811751798664235977,0,0.0
0x13d6f5A180A8ff82E2e74847D9bc91b537b03A2E,0x5aDCb8a737e4AaABf7Ff6b656Acd5dc60E983757,23,2419971624,27196851887654721048,0,0.0
0x7D08f52539A8Fa695b474513437B1Ee8Bf5112d7,0x5aDCb8a737e4AaABf7Ff6b656Acd5dc60E983757,80,100000000,1123850032702986108,0,0.0
0x7fF3c36212F5B10846B7A2569b7b8a822a900050,0x5aDCb8a737e4AaABf7Ff6b656Acd5dc60E983757,82,1000000000,11238500327000000000,0,0.0
0xf991Da2020B7D9613036792889D3B5384cAbBFCa,0x5aDCb8a737e4AaABf7Ff6b656Acd5dc60E983757,518,208000000,2337608068022211106,0,0.0
0xea13e2a6c52CE61c506247267D15d3bbA7CABA53,0x5aDCb8a737e4AaABf7Ff6b656Acd5dc60E983757,146,1000000000,11238500327029861086,0,0.0
0x8EB12Be95E325376721Dd6dDeA39306171fAc71d,0x5aDCb8a737e4AaABf7Ff6b656Acd5dc60E983757,420,10000000,112385003270298610,0,0.0
0xD10bCB42C7b5381CBB278aFC02CE0ddAc76CCd4b,0x5aDCb8a737e4AaABf7Ff6b656Acd5dc60E983757,797,3000000,33715500981089583,0,0.0
0x2696cBF8Ef06175cd2DDb80b928f7A8E81De1e3e,0x5aDCb8a737e4AaABf7Ff6b656Acd5dc60E983757,974,100000000,1123850032700000000,0,0.0
0x78eDDc163275E9e254557313CaD83D88e680c99f,0x5aDCb8a737e4AaABf7Ff6b656Acd5dc60E983757,1522,2,0,0,0.0
0x3FfC07ED6a65E379E39Bef93e713ee3Ff77a56e4,0x3bf42DA7f5781d3940B2318484c907Ee33e81d8D,6,100000000,14058008,13921732,13.921732
0x625B192B5019bcA08F4C312ba4319203e5e07e94,0x3bf42DA7f5781d3940B2318484c907Ee33e81d8D,134,10000000,183617,181837,0.181837
0xa037Feb6508A8C2F93bb19f6721730C45921f2D0,0x3bf42DA7f5781d3940B2318484c907Ee33e81d8D,180,2000000000,36723419,36367430,36.36743
0xea13e2a6c52CE61c506247267D15d3bbA7CABA53,0x3bf42DA7f5781d3940B2318484c907Ee33e81d8D,206,1000001248,38313235,37941834,37.941834
0xD5013D3802F2B870209058e0Ff105Bf97F8B822D,0x3bf42DA7f5781d3940B2318484c907Ee33e81d8D,363,100000000,4279886,4238397,4.238397
0xD10bCB42C7b5381CBB278aFC02CE0ddAc76CCd4b,0x3bf42DA7f5781d3940B2318484c907Ee33e81d8D,369,1126000000,40940508,40543639,40.543639
0x9Bd0787873B50990c14Ef9155D7a095753C22485,0x3bf42DA7f5781d3940B2318484c907Ee33e81d8D,399,25000000,459042,454592,0.454592
0xee3500175076c19Cf45889fdfd2eC52029bAca0C,0x3bf42DA7f5781d3940B2318484c907Ee33e81d8D,480,1000000,38313,37941,0.037941
0x874C506D93e1bc08d735730A2e20beD16CE5bDB9,0x3bf42DA7f5781d3940B2318484c907Ee33e81d8D,892,100000000,3635924,3600678,3.600678
0x662A79fBc9ae681d7cD19A7275Aa8b3187CcA622,0x3bf42DA7f5781d3940B2318484c907Ee33e81d8D,968,10000000000,363592437,360067857,360.067857
0x3FfC07ED6a65E379E39Bef93e713ee3Ff77a56e4,0x595FA2345b754c5F957099E2D8a976617C40710c,9,20000000,1890681,1683001,1.683001
0x41E2A4646D4D04e1D31FC1D6cc2d221633E469e5,0x595FA2345b754c5F957099E2D8a976617C40710c,16,1000000,94534,84149,0.084149
0x13d6f5A180A8ff82E2e74847D9bc91b537b03A2E,0x595FA2345b754c5F957099E2D8a976617C40710c,21,3462612610,0,0,0.0
0x8F176D80F72eA56Fbf61b5E56b84414689EA26bA,0x595FA2345b754c5F957099E2D8a976617C40710c,28,1500000000,0,0,0.0
0x7D08f52539A8Fa695b474513437B1Ee8Bf5112d7,0x595FA2345b754c5F957099E2D8a976617C40710c,79,100000000,0,0,0.0
0x7fF3c36212F5B10846B7A2569b7b8a822a900050,0x595FA2345b754c5F957099E2D8a976617C40710c,83,1000000000,0,0,0.0
0x5B357b6DFBc10151dd4775c70b5355a7C8498f29,0x595FA2345b754c5F957099E2D8a976617C40710c,255,1000000000,0,0,0.0
0x8EB12Be95E325376721Dd6dDeA39306171fAc71d,0x595FA2345b754c5F957099E2D8a976617C40710c,513,10000000,0,0,0.0
0xD10bCB42C7b5381CBB278aFC02CE0ddAc76CCd4b,0x595FA2345b754c5F957099E2D8a976617C40710c,790,3000000,0,0,0.0
0x7fF3c36212F5B10846B7A2569b7b8a822a900050,0x6B9184df38427a61814e638900fd9BE999E0bD02,1074,1000000000,0,0,0.0
0xadF8936D5Fd9DFC6438c982714681a1B3d5a83c2,0x6B9184df38427a61814e638900fd9BE999E0bD02,1077,12053349547,0,0,0.0
0xce9787148249216E6010D0C8eA4c458B8e93909F,0x6B9184df38427a61814e638900fd9BE999E0bD02,1076,830000,0,0,0.0
0xbf2217e4d458B4219DF6943853a053Ad4db772fa,0x6B9184df38427a61814e638900fd9BE999E0bD02,1089,10000000,0,0,0.0
0x662A79fBc9ae681d7cD19A7275Aa8b3187CcA622,0x6B9184df38427a61814e638900fd9BE999E0bD02,1067,710000000,267421949,264133239,264.133239
0x8F176D80F72eA56Fbf61b5E56b84414689EA26bA,0x6B9184df38427a61814e638900fd9BE999E0bD02,1086,10000000000,96784271,95594034,95.594034
0xD10bCB42C7b5381CBB278aFC02CE0ddAc76CCd4b,0x6B9184df38427a61814e638900fd9BE999E0bD02,1123,3000000,29035,28677,0.028677
0xadF8936D5Fd9DFC6438c982714681a1B3d5a83c2,0xa750Ef555fC0368987974b34e058200a81BEd78d,11,100000000,1916682877100000000,0,0.0
0xf28bAAD89cdFb9CAEDA0cA7bB4A978ADBD432ed5,0xa750Ef555fC0368987974b34e058200a81BEd78d,14,10000000,191668287715869858,0,0.0
0x63252957c9f9a6E7D4558Fd7cC64Be55E8d38A81,0xa750Ef555fC0368987974b34e058200a81BEd78d,104,2000000000,38333657542000000000,0,0.0
0x8F176D80F72eA56Fbf61b5E56b84414689EA26bA,0xa750Ef555fC0368987974b34e058200a81BEd78d,125,1000000000,19166828771000000000,0,0.0
0xea13e2a6c52CE61c506247267D15d3bbA7CABA53,0xa750Ef555fC0368987974b34e058200a81BEd78d,202,1000000000,19166828771213738289,0,0.0
0x7fF3c36212F5B10846B7A2569b7b8a822a900050,0xa750Ef555fC0368987974b34e058200a81BEd78d,236,1000000000,19166828771000000000,0,0.0
0x64ee2f93e3f18a46E4c6A7Aca6C2Eb9edb8c0cA0,0xa750Ef555fC0368987974b34e058200a81BEd78d,239,1000000000,19166828771213738289,0,0.0
0x4Ac887471A53186Fc07877b9aB7ac1c639fEe9E6,0xa750Ef555fC0368987974b34e058200a81BEd78d,279,101118225,1938115704212109591,0,0.0
0xdaBD93cEcd32b0474D0f798be56ac0888B9edC6B,0xa750Ef555fC0368987974b34e058200a81BEd78d,532,100000000,1916682877109551310,0,0.0
0xD10bCB42C7b5381CBB278aFC02CE0ddAc76CCd4b,0xa750Ef555fC0368987974b34e058200a81BEd78d,788,3000000,57500486313000000,0,0.0
0x662A79fBc9ae681d7cD19A7275Aa8b3187CcA622,0xa750Ef555fC0368987974b34e058200a81BEd78d,967,10000000000,191668287710400284189,0,0.0
0x66AD8D3E0db87Ae882C1788e2cda9e31cDB4F013,0xa750Ef555fC0368987974b34e058200a81BEd78d,1262,2000000000,38333657542000000000,0,0.0
0x78eDDc163275E9e254557313CaD83D88e680c99f,0xa750Ef555fC0368987974b34e058200a81BEd78d,1524,2,0,0,0.0
0x13d6f5A180A8ff82E2e74847D9bc91b537b03A2E,0xDd624795D4670f029CcFB90926d2aFfDf084C3aB,22,2292557239,0,2,0.000002
0x8F176D80F72eA56Fbf61b5E56b84414689EA26bA,0xDd624795D4670f029CcFB90926d2aFfDf084C3aB,27,700000000,0,0,0.0
0x7D08f52539A8Fa695b474513437B1Ee8Bf5112d7,0xDd624795D4670f029CcFB90926d2aFfDf084C3aB,78,100000000,0,0,0.0
0x7fF3c36212F5B10846B7A2569b7b8a822a900050,0xDd624795D4670f029CcFB90926d2aFfDf084C3aB,81,1000000000,0,0,0.0
0x5B357b6DFBc10151dd4775c70b5355a7C8498f29,0xDd624795D4670f029CcFB90926d2aFfDf084C3aB,256,1200000000,0,0,0.0
0x8EB12Be95E325376721Dd6dDeA39306171fAc71d,0xDd624795D4670f029CcFB90926d2aFfDf084C3aB,512,10000000,0,0,0.0
0xD10bCB42C7b5381CBB278aFC02CE0ddAc76CCd4b,0xDd624795D4670f029CcFB90926d2aFfDf084C3aB,783,3000000,0,0,0.0
0x13d6f5A180A8ff82E2e74847D9bc91b537b03A2E,0x19B884c94b9E27f14e997db63dFa8F1F5EF40E2c,25,2100000000,0,0,0.0
0x8F176D80F72eA56Fbf61b5E56b84414689EA26bA,0x19B884c94b9E27f14e997db63dFa8F1F5EF40E2c,30,600000000,103298400,102950055,102.950055
0x35cf10a5D2a240b9cB7Ac44442B8A326F6961e66,0x19B884c94b9E27f14e997db63dFa8F1F5EF40E2c,131,1000000000,288567377,287594265,287.594265
0xea13e2a6c52CE61c506247267D15d3bbA7CABA53,0x19B884c94b9E27f14e997db63dFa8F1F5EF40E2c,148,51275644803,662613270,660378795,660.378795
0x7fF3c36212F5B10846B7A2569b7b8a822a900050,0x19B884c94b9E27f14e997db63dFa8F1F5EF40E2c,192,1000000000,0,0,0.0
0xC6473A964F160B24576946d5c616caDE88B0465C,0x19B884c94b9E27f14e997db63dFa8F1F5EF40E2c,286,100000000,1292257,1287899,1.287899
0xD10bCB42C7b5381CBB278aFC02CE0ddAc76CCd4b,0x19B884c94b9E27f14e997db63dFa8F1F5EF40E2c,784,3000000,516492,514750,0.51475
0x8F176D80F72eA56Fbf61b5E56b84414689EA26bA,0x97FA87D601701ea51164CfC4e0e00dde004A9CA0,32,1010000000,9646315344869987322,0,0.0
0xea13e2a6c52CE61c506247267D15d3bbA7CABA53,0x97FA87D601701ea51164CfC4e0e00dde004A9CA0,117,8842,84448237902457,0,0.0
0x6ba3525B364445F4ed3244ff0a151c8bAea934cA,0x97FA87D601701ea51164CfC4e0e00dde004A9CA0,156,1000000000,9550807272599868101,0,0.0
0x12cF06fC70CbcBfD9E8e1676029f7189053Ac981,0x97FA87D601701ea51164CfC4e0e00dde004A9CA0,326,500000000,4775403636211621891,0,0.0
0x9Bd0787873B50990c14Ef9155D7a095753C22485,0x97FA87D601701ea51164CfC4e0e00dde004A9CA0,402,35000000,334278254522027213,0,0.0
0xD10bCB42C7b5381CBB278aFC02CE0ddAc76CCd4b,0x97FA87D601701ea51164CfC4e0e00dde004A9CA0,804,3000000,28652421817165097,0,0.0
0x39c8B49Ca48d266785A01cc2141Eb936c2f11028,0x97FA87D601701ea51164CfC4e0e00dde004A9CA0,847,208000000,1986567912656780083,0,0.0
0x02e74F3b930f8443DE58e9D3Bd57fc6b1612e627,0x97FA87D601701ea51164CfC4e0e00dde004A9CA0,911,100000000,955080727200000000,0,0.0
0xB2206f941A5206B55BFA33E665687523A8bcEd80,0x97FA87D601701ea51164CfC4e0e00dde004A9CA0,1338,6000000000,57304843632000000000,0,0.0
0x78eDDc163275E9e254557313CaD83D88e680c99f,0x97FA87D601701ea51164CfC4e0e00dde004A9CA0,1521,2,0,0,0.0
0x8F176D80F72eA56Fbf61b5E56b84414689EA26bA,0xb8Ae0a0C0380F81F4b14120A948228BACC327415,37,510787593,2823306,2823234,2.823234
0x7fF3c36212F5B10846B7A2569b7b8a822a900050,0xb8Ae0a0C0380F81F4b14120A948228BACC327415,70,1000000000,0,0,0.0
0x7D08f52539A8Fa695b474513437B1Ee8Bf5112d7,0xb8Ae0a0C0380F81F4b14120A948228BACC327415,77,500000000,8233637,8233428,8.233428
0x775E80246A1C3aac7ce389B481a8e74E1F2FEbCB,0xb8Ae0a0C0380F81F4b14120A948228BACC327415,101,1100000000,0,0,0.0
0x0686BcD9e5A94d9f0b29EA7Ce1887d8B2dA21e86,0xb8Ae0a0C0380F81F4b14120A948228BACC327415,176,1000000000,5527358,5527218,5.527218
0x1d1F6bEbaB8A03a09fd2E28A2D152a912d4D87c9,0xb8Ae0a0C0380F81F4b14120A948228BACC327415,391,100000000,2371580,2371519,2.371519
0x9692Fefe6ffa3d45769Cb6A8c9D11991fc143919,0xb8Ae0a0C0380F81F4b14120A948228BACC327415,393,100000000,2371580,2371519,2.371519
0x9Bd0787873B50990c14Ef9155D7a095753C22485,0xb8Ae0a0C0380F81F4b14120A948228BACC327415,546,25000000,138183,138179,0.138179
0x36F322fC85B24aB13263CFE9217B28f8E2b38381,0xb8Ae0a0C0380F81F4b14120A948228BACC327415,609,30000000000,711474283,711456286,711.456286
0xE29Ca6542347879b0aF2A534b865023adB9A39C0,0xb8Ae0a0C0380F81F4b14120A948228BACC327415,1063,100000000,1646727,1646685,1.646685
0x550Bf893A4DC87A76F99726581c8f6bBE87a028d,0xb8Ae0a0C0380F81F4b14120A948228BACC327415,624,100000000,2371580,2371519,2.371519
0xD10bCB42C7b5381CBB278aFC02CE0ddAc76CCd4b,0xb8Ae0a0C0380F81F4b14120A948228BACC327415,802,3000000,71147,71145,0.071145
0xe155Fb7F921b46383D83CaE0165a9717De04162F,0xb8Ae0a0C0380F81F4b14120A948228BACC327415,1096,100000000,552735,552721,0.552721
0x8F176D80F72eA56Fbf61b5E56b84414689EA26bA,0x3ed61aeeC1DA28A93eE9963f2D21FdD802CBc063,39,1000000000,4947955739387823801,0,0.0
0xea13e2a6c52CE61c506247267D15d3bbA7CABA53,0x3ed61aeeC1DA28A93eE9963f2D21FdD802CBc063,116,1000000000,4947955739555968459,0,0.0
0x7fF3c36212F5B10846B7A2569b7b8a822a900050,0x3ed61aeeC1DA28A93eE9963f2D21FdD802CBc063,123,1000000000,4947955739000000000,0,0.0
0x13d6f5A180A8ff82E2e74847D9bc91b537b03A2E,0x3ed61aeeC1DA28A93eE9963f2D21FdD802CBc063,591,1000000000,4947955739000000000,0,0.0
0xD10bCB42C7b5381CBB278aFC02CE0ddAc76CCd4b,0x3ed61aeeC1DA28A93eE9963f2D21FdD802CBc063,776,3000000,14843867218163471,0,0.0
0x78eDDc163275E9e254557313CaD83D88e680c99f,0x3ed61aeeC1DA28A93eE9963f2D21FdD802CBc063,1520,2,0,0,0.0
0x8F176D80F72eA56Fbf61b5E56b84414689EA26bA,0xAB976072B6Be23De212437d8f42375D5131daFb9,40,10000000,32804146164470289,0,0.0
0xD10bCB42C7b5381CBB278aFC02CE0ddAc76CCd4b,0xAB976072B6Be23De212437d8f42375D5131daFb9,111,247000000,810262410262416149,0,0.0
0x8EB12Be95E325376721Dd6dDeA39306171fAc71d,0xAB976072B6Be23De212437d8f42375D5131daFb9,487,10000000,32804146164470289,0,0.0
0x662A79fBc9ae681d7cD19A7275Aa8b3187CcA622,0xAB976072B6Be23De212437d8f42375D5131daFb9,557,2000000000,6560829232894057887,0,0.0
0x78eDDc163275E9e254557313CaD83D88e680c99f,0xAB976072B6Be23De212437d8f42375D5131daFb9,1511,2,0,0,0.0
0x8F176D80F72eA56Fbf61b5E56b84414689EA26bA,0x3928C8E06f5f814811f6d70ae91da85B4E133b89,42,511528434,4245524288178607673,0,0.0
0x6ba3525B364445F4ed3244ff0a151c8bAea934cA,0x3928C8E06f5f814811f6d70ae91da85B4E133b89,155,1000000000,8299683861409149745,0,0.0
0x0686BcD9e5A94d9f0b29EA7Ce1887d8B2dA21e86,0x3928C8E06f5f814811f6d70ae91da85B4E133b89,158,1000000000,8299683861129423889,0,0.0
0xea13e2a6c52CE61c506247267D15d3bbA7CABA53,0x3928C8E06f5f814811f6d70ae91da85B4E133b89,213,1000000000,8299683861191206014,0,0.0
0x24cD9d885Fe462354E74BdC5361E0886441875DC,0x3928C8E06f5f814811f6d70ae91da85B4E133b89,331,10000000,82996838611912060,0,0.0
0xC3667DcAD0d71301E913b6cb8741538B7CFe251c,0x3928C8E06f5f814811f6d70ae91da85B4E133b89,347,1500000000,12449525791762477485,0,0.0
0x625B192B5019bcA08F4C312ba4319203e5e07e94,0x3928C8E06f5f814811f6d70ae91da85B4E133b89,380,10000000,82996838610828781,0,0.0
0x9Bd0787873B50990c14Ef9155D7a095753C22485,0x3928C8E06f5f814811f6d70ae91da85B4E133b89,400,25000000,207492096527680387,0,0.0
0x8EB12Be95E325376721Dd6dDeA39306171fAc71d,0x3928C8E06f5f814811f6d70ae91da85B4E133b89,514,10000000,82996838611912060,0,0.0
0xD10bCB42C7b5381CBB278aFC02CE0ddAc76CCd4b,0x3928C8E06f5f814811f6d70ae91da85B4E133b89,781,3000000,24899051583524954,0,0.0
0x662A79fBc9ae681d7cD19A7275Aa8b3187CcA622,0x3928C8E06f5f814811f6d70ae91da85B4E133b89,960,2000000000,16599367722165756221,0,0.0
0x78eDDc163275E9e254557313CaD83D88e680c99f,0x3928C8E06f5f814811f6d70ae91da85B4E133b89,1504,2,0,0,0.0
0x8F176D80F72eA56Fbf61b5E56b84414689EA26bA,0x9cA7f7FAF79544FEEF185b50749D3f814E3748ce,45,10000000,43509501863292826,0,0.0
0x7fF3c36212F5B10846B7A2569b7b8a822a900050,0x9cA7f7FAF79544FEEF185b50749D3f814E3748ce,74,1000000000,4350950186000000000,0,0.0
0x880d1303B47CF2ca05FF0cd62543Dc2752BF8B37,0x9cA7f7FAF79544FEEF185b50749D3f814E3748ce,88,888000000,3863643765814099931,0,0.0
0x13d6f5A180A8ff82E2e74847D9bc91b537b03A2E,0x9cA7f7FAF79544FEEF185b50749D3f814E3748ce,593,1002000000,4359652086372000000,0,0.0
0xA3920714f9fDf92eCa5e112017Ab1D31cFcb8588,0x9cA7f7FAF79544FEEF185b50749D3f814E3748ce,618,100000000,435095018632928262,0,0.0
0xD10bCB42C7b5381CBB278aFC02CE0ddAc76CCd4b,0x9cA7f7FAF79544FEEF185b50749D3f814E3748ce,770,3000000,13052850558987847,0,0.0
0x874C506D93e1bc08d735730A2e20beD16CE5bDB9,0x9cA7f7FAF79544FEEF185b50749D3f814E3748ce,884,500000000,2175475093164641313,0,0.0
0x78eDDc163275E9e254557313CaD83D88e680c99f,0x9cA7f7FAF79544FEEF185b50749D3f814E3748ce,1525,2,0,0,0.0
0x8F176D80F72eA56Fbf61b5E56b84414689EA26bA,0xa2223E10aE8Db458FB5c599DA3BBF95BB6665e23,46,104696699,239929146,169162342,169.162342
0x13d6f5A180A8ff82E2e74847D9bc91b537b03A2E,0xa2223E10aE8Db458FB5c599DA3BBF95BB6665e23,58,100000000,0,0,0.0
0xD10bCB42C7b5381CBB278aFC02CE0ddAc76CCd4b,0xa2223E10aE8Db458FB5c599DA3BBF95BB6665e23,693,3000000,6874977,4847211,4.847211
0x662A79fBc9ae681d7cD19A7275Aa8b3187CcA622,0xa2223E10aE8Db458FB5c599DA3BBF95BB6665e23,1420,5000000000,0,0,0.0
0x8F176D80F72eA56Fbf61b5E56b84414689EA26bA,0x0d9daD7d5BA162c98260398B5494cC133292b5Ad,49,1000000,24041398294068009,0,0.0
0xea13e2a6c52CE61c506247267D15d3bbA7CABA53,0x0d9daD7d5BA162c98260398B5494cC133292b5Ad,296,500000000,12020699147326279594,0,0.0
0x11BE308ab7C4F0E330FEB1F1F7eD5E21185B8066,0x0d9daD7d5BA162c98260398B5494cC133292b5Ad,1048,1000000000,24041398294084608940,0,0.0
0xD10bCB42C7b5381CBB278aFC02CE0ddAc76CCd4b,0x0d9daD7d5BA162c98260398B5494cC133292b5Ad,715,3000000,72124194882319750,0,0.0
0x4D58578253de8d9deb6A57FAf43E0e3226C9629B,0x0d9daD7d5BA162c98260398B5494cC133292b5Ad,851,10000000000,240413982940412345436,0,0.0
0x98e6269f33d3191b6e6DEdD01e93c51cc14257d3,0x0d9daD7d5BA162c98260398B5494cC133292b5Ad,1044,10800000000,259647101576113776559,0,0.0
0x78eDDc163275E9e254557313CaD83D88e680c99f,0x0d9daD7d5BA162c98260398B5494cC133292b5Ad,1515,2,0,0,0.0
0x13d6f5A180A8ff82E2e74847D9bc91b537b03A2E,0x5a84A921113340E8edD133931b55EB6e855259Ce,53,100000000,0,0,0.0
0x7fF3c36212F5B10846B7A2569b7b8a822a900050,0x5a84A921113340E8edD133931b55EB6e855259Ce,87,1000000000,0,0,0.0
0x64110F5bd00561cC7D1Df17f8FAf7168A80985Ac,0x5a84A921113340E8edD133931b55EB6e855259Ce,361,20542972282,355859369,346884664,346.884664
0x82D3871bCBB8a8E9B9Db67471dA9EC87aD8d653e,0x5a84A921113340E8edD133931b55EB6e855259Ce,478,100000000,15306575,14920546,14.920546
0x550Bf893A4DC87A76F99726581c8f6bBE87a028d,0x5a84A921113340E8edD133931b55EB6e855259Ce,625,100000000,1732268,1688580,1.68858
0xD10bCB42C7b5381CBB278aFC02CE0ddAc76CCd4b,0x5a84A921113340E8edD133931b55EB6e855259Ce,801,3000000,51968,50657,0.050657
0x7fF3c36212F5B10846B7A2569b7b8a822a900050,0xa1D7F3e0a45206CFf39110aF4a7542407289e829,72,1000000000,5873624,5563026,5.563026
0xC4B2d5a6eDba534A848336173e4136f078E1b7ef,0xa1D7F3e0a45206CFf39110aF4a7542407289e829,97,53213473929,610803341,578504021,578.504021
0x8F176D80F72eA56Fbf61b5E56b84414689EA26bA,0xa1D7F3e0a45206CFf39110aF4a7542407289e829,108,500000000,14329095,13571371,13.571371
0xD10bCB42C7b5381CBB278aFC02CE0ddAc76CCd4b,0xa1D7F3e0a45206CFf39110aF4a7542407289e829,113,354000000,10144999,9608530,9.60853
0x13eDf0A12d119C961cfcAFD238e4DAA839324DdB,0xa1D7F3e0a45206CFf39110aF4a7542407289e829,370,100000000,2865819,2714274,2.714274
0xe425120DfcCa03aee142d222a558ECA316D68fFb,0xa1D7F3e0a45206CFf39110aF4a7542407289e829,392,96000000,39332796,37252874,37.252874
0xdc6B04B4e40fDe7c0e9ee1171F913FebDbB4b88B,0xa1D7F3e0a45206CFf39110aF4a7542407289e829,416,208000000,85221059,80714563,80.714563
0x8EB12Be95E325376721Dd6dDeA39306171fAc71d,0xa1D7F3e0a45206CFf39110aF4a7542407289e829,484,10000000,3418959,3238164,3.238164
0x9Bd0787873B50990c14Ef9155D7a095753C22485,0xa1D7F3e0a45206CFf39110aF4a7542407289e829,552,25000000,716454,678567,0.678567
0x874C506D93e1bc08d735730A2e20beD16CE5bDB9,0xa1D7F3e0a45206CFf39110aF4a7542407289e829,880,100000000,34189596,32381647,32.381647
0xC3667DcAD0d71301E913b6cb8741538B7CFe251c,0xa1D7F3e0a45206CFf39110aF4a7542407289e829,1084,10000000000,569865797,539731252,539.731252
0x3Ec3637e54D54d1bD289C0272Ccb4A665eEcf725,0xa1D7F3e0a45206CFf39110aF4a7542407289e829,1162,100000000,2865819,2714274,2.714274
0xF0177457dD06f99fA1973aDA68903DdF3B6De2BD,0xa1D7F3e0a45206CFf39110aF4a7542407289e829,1344,100000000,587362,556302,0.556302
0x1d1F6bEbaB8A03a09fd2E28A2D152a912d4D87c9,0x183464E20743D52C3cAAEdEc40b52C164F42E9Ef,599,350000000,9515514,6918059,6.918059
0x979b80a90E51318Eb046a5b90E2F4c742e14366e,0x183464E20743D52C3cAAEdEc40b52C164F42E9Ef,598,10000000000,0,0,0.0
0x3FfC07ED6a65E379E39Bef93e713ee3Ff77a56e4,0x183464E20743D52C3cAAEdEc40b52C164F42E9Ef,535,1000000000,3548243566,2579677739,2579.677739
0x2696cBF8Ef06175cd2DDb80b928f7A8E81De1e3e,0x183464E20743D52C3cAAEdEc40b52C164F42E9Ef,539,50000000000,0,0,0.0
0x8F176D80F72eA56Fbf61b5E56b84414689EA26bA,0x183464E20743D52C3cAAEdEc40b52C164F42E9Ef,540,7978,0,0,0.0
0x2EdA6e34136F734e99cFdA84fD62f2d5f2343b51,0x183464E20743D52C3cAAEdEc40b52C164F42E9Ef,541,306630000,0,0,0.0
0xea13e2a6c52CE61c506247267D15d3bbA7CABA53,0x183464E20743D52C3cAAEdEc40b52C164F42E9Ef,554,1569,0,0,0.0
0x20981700Abe3283E1de60C77588201fB399634EE,0x183464E20743D52C3cAAEdEc40b52C164F42E9Ef,568,200000000,34710404,25235487,25.235487
0xB7f78A12c040ab03eEd909915a3605B91cb099f5,0x183464E20743D52C3cAAEdEc40b52C164F42E9Ef,571,1000000000,153862312,111862439,111.862439
0xac770FE814f733a7c74F3698e9ff49b0AcEFDa75,0x183464E20743D52C3cAAEdEc40b52C164F42E9Ef,574,345,0,0,0.0
0x36F322fC85B24aB13263CFE9217B28f8E2b38381,0x183464E20743D52C3cAAEdEc40b52C164F42E9Ef,576,170948700000,4647613800,3378952338,3378.952338
0x756672046297F17a1bfC4D592B22C6dfc4c35215,0x183464E20743D52C3cAAEdEc40b52C164F42E9Ef,577,205920000,7735812,5624163,5.624163
0x0896E95b1750843432D10Ca0BAbf8bbD67d6C675,0x183464E20743D52C3cAAEdEc40b52C164F42E9Ef,582,7000000,190310,138360,0.13836
0xA8a98a84f2403deDf70cc77cCF524faF7431066b,0x183464E20743D52C3cAAEdEc40b52C164F42E9Ef,1055,50000000,0,0,0.0
0x1A5F2BeCc503a7D795bc8154061168856ef33C27,0x183464E20743D52C3cAAEdEc40b52C164F42E9Ef,604,100000000,2718718,1976588,1.976588
0xD10bCB42C7b5381CBB278aFC02CE0ddAc76CCd4b,0x183464E20743D52C3cAAEdEc40b52C164F42E9Ef,605,4483,0,0,0.0
0x765c6F7a13b989461165367D4C4F470D4B467f85,0x183464E20743D52C3cAAEdEc40b52C164F42E9Ef,611,1000000000,0,0,0.0
0xC25D144E6Fc60f507864E83606dAe5746b5FFA21,0x183464E20743D52C3cAAEdEc40b52C164F42E9Ef,615,16110000,437985,318428,0.318428
0xd3448A4843981BaEB66459Faab20cB6e669419F4,0x183464E20743D52C3cAAEdEc40b52C164F42E9Ef,1073,1000000,0,0,0.0
0xaD6000372440657550810e8cD337822821F321d9,0x183464E20743D52C3cAAEdEc40b52C164F42E9Ef,810,100000000,2718718,1976588,1.976588
0x62720DaC71D20AB6ca7e45F222dCFc77A69f9fb3,0x183464E20743D52C3cAAEdEc40b52C164F42E9Ef,1011,100000000,326396,237299,0.237299
0x7b94f66D075F201C5F28059C73Af3923c1D69A53,0x183464E20743D52C3cAAEdEc40b52C164F42E9Ef,814,200000000,5437436,3953176,3.953176
0x0686BcD9e5A94d9f0b29EA7Ce1887d8B2dA21e86,0x183464E20743D52C3cAAEdEc40b52C164F42E9Ef,815,1000000000,0,0,0.0
0x233441646EBa8E2cdd166E449dB605E05E74ABe2,0x183464E20743D52C3cAAEdEc40b52C164F42E9Ef,817,200000000,5256526,3821649,3.821649
0xDc7cd28a98E780711D72CC0a7AB484B3ccF89910,0x183464E20743D52C3cAAEdEc40b52C164F42E9Ef,863,10000000,231581,168366,0.168366
0x874C506D93e1bc08d735730A2e20beD16CE5bDB9,0x183464E20743D52C3cAAEdEc40b52C164F42E9Ef,888,1000000000,22123273,16084272,16.084272
0xa2b7350aDA8c594581C78962F01988600E611aa6,0x183464E20743D52C3cAAEdEc40b52C164F42E9Ef,895,200000000,0,0,0.0
0x310CFFB4198eCBf3F1f9064846d7473E177621AE,0x183464E20743D52C3cAAEdEc40b52C164F42E9Ef,921,101000000000,1965926565,1429286604,1429.286604
0xF0269C48252Cd4c942A54F7c2e1a0D5870FDb348,0x183464E20743D52C3cAAEdEc40b52C164F42E9Ef,918,39229310000,763583590,555147794,555.147794
0xea2CA5022a73e881Ea5716e6955ab665b46819Cf,0x183464E20743D52C3cAAEdEc40b52C164F42E9Ef,919,100000000,1946461,1415134,1.415134
0x07A43459F8a515EF8EEFA85D993285cf64D80F78,0x183464E20743D52C3cAAEdEc40b52C164F42E9Ef,920,15209928154,0,0,0.0
0x0eC01C8b47d83F4965F91a42DfDbbe391AAD4b79,0x183464E20743D52C3cAAEdEc40b52C164F42E9Ef,922,7637,0,0,0.0
0x3d3e5223330a00C76027852E5272f208e0e17031,0x183464E20743D52C3cAAEdEc40b52C164F42E9Ef,932,50000000,921881,670234,0.670234
0x880d1303B47CF2ca05FF0cd62543Dc2752BF8B37,0x183464E20743D52C3cAAEdEc40b52C164F42E9Ef,937,168888000,2901854,2109733,2.109733
0x9a4D3d8426479987dc5cEa2637b4757d68cECa17,0x183464E20743D52C3cAAEdEc40b52C164F42E9Ef,956,1000000,12909,9385,0.009385
0x47e6c59d1AA905Eb1e847c91E1248a35b8AC3ab4,0x183464E20743D52C3cAAEdEc40b52C164F42E9Ef,1008,3000000000,9791907,7119005,7.119005
0xDd0fc492DeCA435a75A1f850240772e2664D3990,0x183464E20743D52C3cAAEdEc40b52C164F42E9Ef,1051,500000000,0,0,0.0
0xC6d5ED6D13bdB38cCb5c4B34f6f64FEf6623ab2D,0x183464E20743D52C3cAAEdEc40b52C164F42E9Ef,1135,100000000,0,0,0.0
0x955DA9462C4960Cf9aEd82B111c12FB13704e09a,0x183464E20743D52C3cAAEdEc40b52C164F42E9Ef,1136,100000000,0,0,0.0
0x5B357b6DFBc10151dd4775c70b5355a7C8498f29,0xD08EB66DAe9Bad58626ac4ED6A4a102b134b7457,909,100000000,31433,30600,0.0306
0xea267bDd43d310734057e5dBDB02330528C21f05,0xD08EB66DAe9Bad58626ac4ED6A4a102b134b7457,1088,1100000000,4111729,4002851,4.002851
0x13d6f5A180A8ff82E2e74847D9bc91b537b03A2E,0xD08EB66DAe9Bad58626ac4ED6A4a102b134b7457,908,14000000000,4400753,4284221,4.284221
0x8F176D80F72eA56Fbf61b5E56b84414689EA26bA,0xD08EB66DAe9Bad58626ac4ED6A4a102b134b7457,915,80227807931,264619170,257612108,257.612108
0x7fF3c36212F5B10846B7A2569b7b8a822a900050,0xD08EB66DAe9Bad58626ac4ED6A4a102b134b7457,916,1000000000,314339,306015,0.306015
0xD10bCB42C7b5381CBB278aFC02CE0ddAc76CCd4b,0xD08EB66DAe9Bad58626ac4ED6A4a102b134b7457,929,3000000,23521,22898,0.022898
0x1c088F9bF5C0c1Bdd63dF843F5fD328BC7a6E675,0xD08EB66DAe9Bad58626ac4ED6A4a102b134b7457,934,1000000000,14453119,14070402,14.070402
0x3FfC07ED6a65E379E39Bef93e713ee3Ff77a56e4,0xD08EB66DAe9Bad58626ac4ED6A4a102b134b7457,938,1000000000,14453119,14070402,14.070402
0x2696cBF8Ef06175cd2DDb80b928f7A8E81De1e3e,0xD08EB66DAe9Bad58626ac4ED6A4a102b134b7457,951,4003679831,7178296,6988215,6.988215
0xB0fD5a878DBF3F9358A251caF9b6Fc692A999cA7,0xD08EB66DAe9Bad58626ac4ED6A4a102b134b7457,1081,2400000000,754414,734437,0.734437
0x874C506D93e1bc08d735730A2e20beD16CE5bDB9,0xD08EB66DAe9Bad58626ac4ED6A4a102b134b7457,1543,100000000,31433,30600,0.0306
0xB2206f941A5206B55BFA33E665687523A8bcEd80,0xD08EB66DAe9Bad58626ac4ED6A4a102b134b7457,1397,100000000,31433,30600,0.0306
0xea7d3868A81bBbB8814AFe37E199fc6ed49c3CaE,0xD08EB66DAe9Bad58626ac4ED6A4a102b134b7457,1351,5000000000,8964623,8727241,8.727241
0xC3667DcAD0d71301E913b6cb8741538B7CFe251c,0x9483913D6207c0Dd3c54D7856C23145F1279cA52,129,50000000000,2322138211,2321585814,2321.585814
0x625B192B5019bcA08F4C312ba4319203e5e07e94,0x9483913D6207c0Dd3c54D7856C23145F1279cA52,133,10000000,189089,189044,0.189044
0x0686BcD9e5A94d9f0b29EA7Ce1887d8B2dA21e86,0x9483913D6207c0Dd3c54D7856C23145F1279cA52,175,1000000000,38675730,38666529,38.666529
0xea13e2a6c52CE61c506247267D15d3bbA7CABA53,0x9483913D6207c0Dd3c54D7856C23145F1279cA52,201,100000000,8537455,8535424,8.535424
0xF0269C48252Cd4c942A54F7c2e1a0D5870FDb348,0x9483913D6207c0Dd3c54D7856C23145F1279cA52,358,58000000,4660914,4659805,4.659805
0xbf2217e4d458B4219DF6943853a053Ad4db772fa,0x9483913D6207c0Dd3c54D7856C23145F1279cA52,989,20035360,515727,515604,0.515604
0xd99B54a04AA66aF4B8F4066352a8353ac55f4766,0x9483913D6207c0Dd3c54D7856C23145F1279cA52,612,1000000,69938,69921,0.069921
0xBCa9846312aA78aB6f570FfaDee22863B1163FC1,0x9483913D6207c0Dd3c54D7856C23145F1279cA52,617,30000000000,2098145488,2097646371,2097.646371
0xD10bCB42C7b5381CBB278aFC02CE0ddAc76CCd4b,0x9483913D6207c0Dd3c54D7856C23145F1279cA52,803,3000000,149936,149900,0.1499
0xf987062380BE7B7bF5Ce8fC9C75c8A00652De636,0x9483913D6207c0Dd3c54D7856C23145F1279cA52,850,10000000,699381,699214,0.699214
0x2696cBF8Ef06175cd2DDb80b928f7A8E81De1e3e,0x9483913D6207c0Dd3c54D7856C23145F1279cA52,912,10020441523,257934868,257873509,257.873509
0x775E80246A1C3aac7ce389B481a8e74E1F2FEbCB,0x9483913D6207c0Dd3c54D7856C23145F1279cA52,971,6632,0,0,0.0
0x65F3ea02d4de5d10589bEddAEbebCD10231E8708,0x9483913D6207c0Dd3c54D7856C23145F1279cA52,1016,100000000,4997884,4996695,4.996695
0xF0177457dD06f99fA1973aDA68903DdF3B6De2BD,0x9483913D6207c0Dd3c54D7856C23145F1279cA52,1343,100000000,0,0,0.0
0xea7d3868A81bBbB8814AFe37E199fc6ed49c3CaE,0x9483913D6207c0Dd3c54D7856C23145F1279cA52,1352,5000000000,113881119,113854028,113.854028
0x63252957c9f9a6E7D4558Fd7cC64Be55E8d38A81,0xdDBa03e8e8459d4afD9ac6eA226209b7E56d5AF1,138,2000000000,6630032644982543693,309553278,309.553278
0x8EB12Be95E325376721Dd6dDeA39306171fAc71d,0xdDBa03e8e8459d4afD9ac6eA226209b7E56d5AF1,421,10000000,33150163226433437,1547766,1.547766
0xD10bCB42C7b5381CBB278aFC02CE0ddAc76CCd4b,0xdDBa03e8e8459d4afD9ac6eA226209b7E56d5AF1,765,3000000,9945048967473815,464329,0.464329
0x78eDDc163275E9e254557313CaD83D88e680c99f,0xdDBa03e8e8459d4afD9ac6eA226209b7E56d5AF1,1513,2,623130746,0,0.0
0x63252957c9f9a6E7D4558Fd7cC64Be55E8d38A81,0xeC56635DC9a3dC8bF453a1A960917F3A5eF265ec,144,2000000000,132390424,132349560,132.34956
0xC7D3aEA5789630fF007d78b0C0cbcf516ed01328,0xeC56635DC9a3dC8bF453a1A960917F3A5eF265ec,411,100000000,13439106,13434957,13.434957
0xD10bCB42C7b5381CBB278aFC02CE0ddAc76CCd4b,0xeC56635DC9a3dC8bF453a1A960917F3A5eF265ec,808,3000000,403173,403048,0.403048
0x3f6B1945F22De27540fe293E35F1256594B7a13c,0xeC56635DC9a3dC8bF453a1A960917F3A5eF265ec,995,7919420000,0,0,0.0
0xbf2217e4d458B4219DF6943853a053Ad4db772fa,0xeC56635DC9a3dC8bF453a1A960917F3A5eF265ec,1431,20000000,0,0,0.0
0xea13e2a6c52CE61c506247267D15d3bbA7CABA53,0x5Bd162A3F47B40f57d41f0667e51B37D2b790cE8,149,530184943,0,0,0.0
0x3d3e5223330a00C76027852E5272f208e0e17031,0x5Bd162A3F47B40f57d41f0667e51B37D2b790cE8,290,100000000,0,0,0.0
0xD5013D3802F2B870209058e0Ff105Bf97F8B822D,0x5Bd162A3F47B40f57d41f0667e51B37D2b790cE8,365,100000000,0,0,0.0
0x625B192B5019bcA08F4C312ba4319203e5e07e94,0x5Bd162A3F47B40f57d41f0667e51B37D2b790cE8,379,10000000,0,0,0.0
0xD10bCB42C7b5381CBB278aFC02CE0ddAc76CCd4b,0x5Bd162A3F47B40f57d41f0667e51B37D2b790cE8,701,3000000,0,0,0.0
0x7fF3c36212F5B10846B7A2569b7b8a822a900050,0x5Bd162A3F47B40f57d41f0667e51B37D2b790cE8,1369,1000000000,0,0,0.0
0xC6473A964F160B24576946d5c616caDE88B0465C,0x91A7e8b5a3331cAf708ad3F90C71Cec10f37B125,157,47836109214,389717156,389714972,389.714972
0xa037Feb6508A8C2F93bb19f6721730C45921f2D0,0x91A7e8b5a3331cAf708ad3F90C71Cec10f37B125,181,3000000000,110904147,110903525,110.903525
0x3d3e5223330a00C76027852E5272f208e0e17031,0x91A7e8b5a3331cAf708ad3F90C71Cec10f37B125,197,5000000,3669174,3669153,3.669153
0xea13e2a6c52CE61c506247267D15d3bbA7CABA53,0x91A7e8b5a3331cAf708ad3F90C71Cec10f37B125,204,200000000,3013676,3013659,3.013659
0x0686BcD9e5A94d9f0b29EA7Ce1887d8B2dA21e86,0x91A7e8b5a3331cAf708ad3F90C71Cec10f37B125,226,1000000000,43857486,43857240,43.85724
0x8F176D80F72eA56Fbf61b5E56b84414689EA26bA,0x91A7e8b5a3331cAf708ad3F90C71Cec10f37B125,293,1000000000,43857486,43857240,43.85724
0x24cD9d885Fe462354E74BdC5361E0886441875DC,0x91A7e8b5a3331cAf708ad3F90C71Cec10f37B125,330,10000000,3095629,3095611,3.095611
0x66AD8D3E0db87Ae882C1788e2cda9e31cDB4F013,0x91A7e8b5a3331cAf708ad3F90C71Cec10f37B125,354,1000000000,176921914,176920922,176.920922
0x7bd57425c60b32Be5a7DF107D3D119ADf7C8a440,0x91A7e8b5a3331cAf708ad3F90C71Cec10f37B125,397,100000000,49690670,49690391,49.690391
0x6f72fAa82c120ca06E25d01D7123EfF09257fcD3,0x91A7e8b5a3331cAf708ad3F90C71Cec10f37B125,412,100000000,25030586,25030445,25.030445
0xD1B884C27726D782585a2807C9e919a92786B2dB,0x91A7e8b5a3331cAf708ad3F90C71Cec10f37B125,479,100000000,49690670,49690391,49.690391
0x9Bd0787873B50990c14Ef9155D7a095753C22485,0x91A7e8b5a3331cAf708ad3F90C71Cec10f37B125,551,25000000,591539,591535,0.591535
0xa17Cf0B41dFA1c18ef832c486e084C962A997eFE,0x91A7e8b5a3331cAf708ad3F90C71Cec10f37B125,589,1000000000,443662190,443659704,443.659704
0xD10bCB42C7b5381CBB278aFC02CE0ddAc76CCd4b,0x91A7e8b5a3331cAf708ad3F90C71Cec10f37B125,794,77003619345,3377185167,3377166257,3377.166257
0x874C506D93e1bc08d735730A2e20beD16CE5bDB9,0x91A7e8b5a3331cAf708ad3F90C71Cec10f37B125,893,500000000,221831095,221829852,221.829852
0xB2206f941A5206B55BFA33E665687523A8bcEd80,0x91A7e8b5a3331cAf708ad3F90C71Cec10f37B125,1282,1000000000,3585704,3585683,3.585683
0xea13e2a6c52CE61c506247267D15d3bbA7CABA53,0x991739959726cb96f1caFF52c968f4f2912795Ff,1177,10689721376,120365778877309528363,0,0.0
0xD10bCB42C7b5381CBB278aFC02CE0ddAc76CCd4b,0x991739959726cb96f1caFF52c968f4f2912795Ff,1144,3000000,33779865008772358,0,0.0
0x5b2Eb37B05CB28DbCE6D83Ec25071860Bc6B36CC,0x991739959726cb96f1caFF52c968f4f2912795Ff,1304,50000000,562997737001049583,0,0.0
0x23AD30B8f1d8bA2f3cE3abEAbd9666b9add798d6,0x991739959726cb96f1caFF52c968f4f2912795Ff,1314,100000000,1125995474000000000,0,0.0
0x78eDDc163275E9e254557313CaD83D88e680c99f,0x991739959726cb96f1caFF52c968f4f2912795Ff,1508,2,0,0,0.0
0xea13e2a6c52CE61c506247267D15d3bbA7CABA53,0x51D9A55CeeA0fc14BD8DbA60af5284F0e17fC936,179,1000000000,4990519868682126496,0,0.0
0x3d3e5223330a00C76027852E5272f208e0e17031,0x51D9A55CeeA0fc14BD8DbA60af5284F0e17fC936,289,10000000,49905198686821264,0,0.0
0xD10bCB42C7b5381CBB278aFC02CE0ddAc76CCd4b,0x51D9A55CeeA0fc14BD8DbA60af5284F0e17fC936,742,3000000,14971559604131351,0,0.0
0x66AD8D3E0db87Ae882C1788e2cda9e31cDB4F013,0x51D9A55CeeA0fc14BD8DbA60af5284F0e17fC936,1260,2000000000,9981039734275440752,0,0.0
0x78eDDc163275E9e254557313CaD83D88e680c99f,0x51D9A55CeeA0fc14BD8DbA60af5284F0e17fC936,1503,2,0,0,0.0
0xa037Feb6508A8C2F93bb19f6721730C45921f2D0,0x22263b9c327817dF2B11d64dfeC2b4A754fE4457,185,1000000000,25988042248012317268,0,0.0
0xea13e2a6c52CE61c506247267D15d3bbA7CABA53,0x22263b9c327817dF2B11d64dfeC2b4A754fE4457,207,4900000000,127341407016012460214,0,0.0
0x66AD8D3E0db87Ae882C1788e2cda9e31cDB4F013,0x22263b9c327817dF2B11d64dfeC2b4A754fE4457,353,1000000000,25988042248165808206,0,0.0
0xD5013D3802F2B870209058e0Ff105Bf97F8B822D,0x22263b9c327817dF2B11d64dfeC2b4A754fE4457,364,100000000,2598804224816580820,0,0.0
0x9Bd0787873B50990c14Ef9155D7a095753C22485,0x22263b9c327817dF2B11d64dfeC2b4A754fE4457,550,25000000,649701056200307931,0,0.0
0x3B5a2B705f21398c0329581570618082a7D4c12c,0x22263b9c327817dF2B11d64dfeC2b4A754fE4457,1090,240000,6237130139541492,0,0.0
0xD10bCB42C7b5381CBB278aFC02CE0ddAc76CCd4b,0x22263b9c327817dF2B11d64dfeC2b4A754fE4457,789,3000000,77964126744367934,0,0.0
0x3f31371E915efe4067C241b9dDC919919b6871c5,0x22263b9c327817dF2B11d64dfeC2b4A754fE4457,858,5000000000,129940211240613224626,0,0.0
0x21fedf67De7a7dd7b01B83536d333D3b35A28c6D,0x22263b9c327817dF2B11d64dfeC2b4A754fE4457,939,100000000,2598804224812264492,0,0.0
0x662A79fBc9ae681d7cD19A7275Aa8b3187CcA622,0x22263b9c327817dF2B11d64dfeC2b4A754fE4457,969,10000000000,259880422481226449252,0,0.0
0x7fF3c36212F5B10846B7A2569b7b8a822a900050,0x22263b9c327817dF2B11d64dfeC2b4A754fE4457,1103,1000000000,25988042248000000000,0,0.0
0x78eDDc163275E9e254557313CaD83D88e680c99f,0x22263b9c327817dF2B11d64dfeC2b4A754fE4457,1516,2,0,0,0.0
0xea13e2a6c52CE61c506247267D15d3bbA7CABA53,0x8Abc20B4506988B555117e43A701D8658A9D370f,210,11183251384,432092318,425013853,425.013853
0xD10bCB42C7b5381CBB278aFC02CE0ddAc76CCd4b,0x8Abc20B4506988B555117e43A701D8658A9D370f,735,3000000,115912,114013,0.114013
0xea13e2a6c52CE61c506247267D15d3bbA7CABA53,0xd9Cd6de785C3b8F1939a8DD509019177B7D41a0E,215,1000000000,4053681192838925936,0,0.0
0xD10bCB42C7b5381CBB278aFC02CE0ddAc76CCd4b,0xd9Cd6de785C3b8F1939a8DD509019177B7D41a0E,731,3000000,12161043578516777,0,0.0
0x66AD8D3E0db87Ae882C1788e2cda9e31cDB4F013,0xd9Cd6de785C3b8F1939a8DD509019177B7D41a0E,1266,2000000000,8107362384209238476,0,0.0
0x78eDDc163275E9e254557313CaD83D88e680c99f,0xd9Cd6de785C3b8F1939a8DD509019177B7D41a0E,1510,2,0,0,0.0
0xea13e2a6c52CE61c506247267D15d3bbA7CABA53,0x2fa5F63792Ea0f3501C842417eF8E61F41c5E60f,244,100000000,72360262740356301,0,0.0
0x8EB12Be95E325376721Dd6dDeA39306171fAc71d,0x2fa5F63792Ea0f3501C842417eF8E61F41c5E60f,495,10000000,7236026274035630,0,0.0
0xD10bCB42C7b5381CBB278aFC02CE0ddAc76CCd4b,0x2fa5F63792Ea0f3501C842417eF8E61F41c5E60f,685,3000000,2170807882210689,0,0.0
0x78eDDc163275E9e254557313CaD83D88e680c99f,0x2fa5F63792Ea0f3501C842417eF8E61F41c5E60f,1529,2,0,0,0.0
0xea13e2a6c52CE61c506247267D15d3bbA7CABA53,0x6d4f3EB092a8312a52104B8786Cf5D6305261D07,247,1000000000,2273744985055356764,0,0.0
0xD10bCB42C7b5381CBB278aFC02CE0ddAc76CCd4b,0x6d4f3EB092a8312a52104B8786Cf5D6305261D07,728,3000000,6821234955166070,0,0.0
0xbf2217e4d458B4219DF6943853a053Ad4db772fa,0x6d4f3EB092a8312a52104B8786Cf5D6305261D07,1002,10000000,22737449842222145,0,0.0
0x02e74F3b930f8443DE58e9D3Bd57fc6b1612e627,0x6d4f3EB092a8312a52104B8786Cf5D6305261D07,1203,200000000,454748996800000000,0,0.0
0x78eDDc163275E9e254557313CaD83D88e680c99f,0x6d4f3EB092a8312a52104B8786Cf5D6305261D07,1509,2,0,0,0.0
0xea13e2a6c52CE61c506247267D15d3bbA7CABA53,0x93bec61F64227EeBBD0bB14E1AeCE56D63B9e0F7,251,500000000,4027828625389897249,0,0.0
0xD10bCB42C7b5381CBB278aFC02CE0ddAc76CCd4b,0x93bec61F64227EeBBD0bB14E1AeCE56D63B9e0F7,709,3000000,24166971751219602,0,0.0
0x64110F5bd00561cC7D1Df17f8FAf7168A80985Ac,0x93bec61F64227EeBBD0bB14E1AeCE56D63B9e0F7,1064,5000000000,40278286252032671309,0,0.0
0xF0177457dD06f99fA1973aDA68903DdF3B6De2BD,0x93bec61F64227EeBBD0bB14E1AeCE56D63B9e0F7,1168,100000000,805565725028869086,0,0.0
0x78eDDc163275E9e254557313CaD83D88e680c99f,0x93bec61F64227EeBBD0bB14E1AeCE56D63B9e0F7,1501,2,0,0,0.0
0xea13e2a6c52CE61c506247267D15d3bbA7CABA53,0x21E66DBd47d6376242956DaA7348682EBAd79D3B,261,500000000,726883653775379742,0,0.0
0x24cD9d885Fe462354E74BdC5361E0886441875DC,0x21E66DBd47d6376242956DaA7348682EBAd79D3B,281,10000000,14537673075507594,0,0.0
0x6f72fAa82c120ca06E25d01D7123EfF09257fcD3,0x21E66DBd47d6376242956DaA7348682EBAd79D3B,415,100000000,145376730648427152,0,0.0
0xD10bCB42C7b5381CBB278aFC02CE0ddAc76CCd4b,0x21E66DBd47d6376242956DaA7348682EBAd79D3B,720,3000000,4361301919452814,0,0.0
0x78eDDc163275E9e254557313CaD83D88e680c99f,0x21E66DBd47d6376242956DaA7348682EBAd79D3B,1512,2,0,0,0.0
0x24cD9d885Fe462354E74BdC5361E0886441875DC,0x97770A1E0023046D387aC987BbCC100f35a14844,280,10000000,24025836,24025775,24.025775
0xea13e2a6c52CE61c506247267D15d3bbA7CABA53,0x97770A1E0023046D387aC987BbCC100f35a14844,297,500000000,1201291810,1201288770,1201.28877
0x6f72fAa82c120ca06E25d01D7123EfF09257fcD3,0x97770A1E0023046D387aC987BbCC100f35a14844,413,100000000,18809079,18809031,18.809031
0xD10bCB42C7b5381CBB278aFC02CE0ddAc76CCd4b,0x97770A1E0023046D387aC987BbCC100f35a14844,719,75003313454,6270726970,6270711108,6270.711108
0x3f31371E915efe4067C241b9dDC919919b6871c5,0x97770A1E0023046D387aC987BbCC100f35a14844,853,5000000000,2464874280,2464868043,2464.868043
0x66AD8D3E0db87Ae882C1788e2cda9e31cDB4F013,0x97770A1E0023046D387aC987BbCC100f35a14844,1050,2000000000,376181596,376180644,376.180644
0xea13e2a6c52CE61c506247267D15d3bbA7CABA53,0x7d05a166589a26A892BE616579a05432a2401314,304,10000000,7001643647968258,0,0.0
0xD10bCB42C7b5381CBB278aFC02CE0ddAc76CCd4b,0x7d05a166589a26A892BE616579a05432a2401314,643,3000000,2100492965196041,0,0.0
0x78eDDc163275E9e254557313CaD83D88e680c99f,0x7d05a166589a26A892BE616579a05432a2401314,1530,2,0,0,0.0
0xea13e2a6c52CE61c506247267D15d3bbA7CABA53,0x5668ae4acDdE1E4143ae8229AF951CEa386a94c9,305,100000000,223472546302710017,0,0.0
0x66AD8D3E0db87Ae882C1788e2cda9e31cDB4F013,0x5668ae4acDdE1E4143ae8229AF951CEa386a94c9,356,1000000000,2234725463027100175,0,0.0
0xD10bCB42C7b5381CBB278aFC02CE0ddAc76CCd4b,0x5668ae4acDdE1E4143ae8229AF951CEa386a94c9,747,3000000,6704176387915267,0,0.0
0x78eDDc163275E9e254557313CaD83D88e680c99f,0x5668ae4acDdE1E4143ae8229AF951CEa386a94c9,1507,2,0,0,0.0
0xea13e2a6c52CE61c506247267D15d3bbA7CABA53,0x87140Bef332E48D1F2341db740E388460609152E,311,100000000,453125399,453125400,453.1254
0xD10bCB42C7b5381CBB278aFC02CE0ddAc76CCd4b,0x87140Bef332E48D1F2341db740E388460609152E,663,3000000,177545,177545,0.177545
0x662A79fBc9ae681d7cD19A7275Aa8b3187CcA622,0x87140Bef332E48D1F2341db740E388460609152E,964,40591818312,0,0,0.0
0x24cD9d885Fe462354E74BdC5361E0886441875DC,0xa004d4a92B2C139aE5B6a2485458B60b484Aa3db,332,10000000,26137867,26137868,26.137868
0x66AD8D3E0db87Ae882C1788e2cda9e31cDB4F013,0xa004d4a92B2C139aE5B6a2485458B60b484Aa3db,355,2261378671,0,0,0.0
0xD10bCB42C7b5381CBB278aFC02CE0ddAc76CCd4b,0xa004d4a92B2C139aE5B6a2485458B60b484Aa3db,682,3000000,7841360,7841360,7.84136
0x2B3F6105B7802196728979e23099161312BF4140,0xa004d4a92B2C139aE5B6a2485458B60b484Aa3db,1299,100000000,0,0,0.0
0x3FfC07ED6a65E379E39Bef93e713ee3Ff77a56e4,0x6EEf0D7C24c6b872e480154dEb8b7430f54603E3,374,1000000000,571399441,563982572,563.982572
0x12cF06fC70CbcBfD9E8e1676029f7189053Ac981,0x6EEf0D7C24c6b872e480154dEb8b7430f54603E3,375,6541830007,193438204,190927340,190.92734
0xB0fD5a878DBF3F9358A251caF9b6Fc692A999cA7,0x6EEf0D7C24c6b872e480154dEb8b7430f54603E3,1082,2405000000,0,0,0.0
0xD10bCB42C7b5381CBB278aFC02CE0ddAc76CCd4b,0x6EEf0D7C24c6b872e480154dEb8b7430f54603E3,758,3000000,236306,233238,0.233238
0x662A79fBc9ae681d7cD19A7275Aa8b3187CcA622,0x6EEf0D7C24c6b872e480154dEb8b7430f54603E3,963,10000000000,295694330,291856162,291.856162
0x625B192B5019bcA08F4C312ba4319203e5e07e94,0x6EEf0D7C24c6b872e480154dEb8b7430f54603E3,1178,10000000,0,0,0.0
0xb903F6B23A14707Eb4D0FB4E31C4c4e28EDbB8e7,0x6EEf0D7C24c6b872e480154dEb8b7430f54603E3,1109,19408000000,173543835,171291203,171.291203
0x66AD8D3E0db87Ae882C1788e2cda9e31cDB4F013,0x6EEf0D7C24c6b872e480154dEb8b7430f54603E3,1261,2000000000,0,0,0.0
0xD10bCB42C7b5381CBB278aFC02CE0ddAc76CCd4b,0x0526Eb0EDF7707683f1bA4DCf8Ad35b853490762,805,3000000,3613291981430258,0,0.0
0x78eDDc163275E9e254557313CaD83D88e680c99f,0x0526Eb0EDF7707683f1bA4DCf8Ad35b853490762,1506,2,0,0,0.0
0xD10bCB42C7b5381CBB278aFC02CE0ddAc76CCd4b,0xb73f103207aB7A1e7c0c1f3218f52dF5bb812C32,806,3000000,2585435547811560,0,0.0
0x78eDDc163275E9e254557313CaD83D88e680c99f,0xb73f103207aB7A1e7c0c1f3218f52dF5bb812C32,1523,2,0,0,0.0
0xea13e2a6c52CE61c506247267D15d3bbA7CABA53,0x3ccD28dfa50a169435002b0BC3A363a0A7E23aa0,1078,5000000000,53902128115776959446,0,0.0
0xD10bCB42C7b5381CBB278aFC02CE0ddAc76CCd4b,0x3ccD28dfa50a169435002b0BC3A363a0A7E23aa0,1125,3000000,32341276869466175,0,0.0
0x662A79fBc9ae681d7cD19A7275Aa8b3187CcA622,0x3ccD28dfa50a169435002b0BC3A363a0A7E23aa0,1416,5000000000,53902128115000000000,0,0.0
0x78eDDc163275E9e254557313CaD83D88e680c99f,0x3ccD28dfa50a169435002b0BC3A363a0A7E23aa0,1526,2,0,0,0.0
0xD10bCB42C7b5381CBB278aFC02CE0ddAc76CCd4b,0x6DC830BCe79D7d6F6db60d0bFAE8389192Bbf630,834,3000000,33260246002227140,0,0.0
0xfb0757A4A21a849ae6142341736976B3c86F00ab,0x6DC830BCe79D7d6F6db60d0bFAE8389192Bbf630,848,1000000000,11086748667435570320,0,0.0
0x874C506D93e1bc08d735730A2e20beD16CE5bDB9,0x6DC830BCe79D7d6F6db60d0bFAE8389192Bbf630,877,100000000,1108674866741848124,0,0.0
0xea13e2a6c52CE61c506247267D15d3bbA7CABA53,0x6DC830BCe79D7d6F6db60d0bFAE8389192Bbf630,1213,9000000000,99780738003505103079,0,0.0
0x78eDDc163275E9e254557313CaD83D88e680c99f,0x6DC830BCe79D7d6F6db60d0bFAE8389192Bbf630,1519,2,0,0,0.0
0xea13e2a6c52CE61c506247267D15d3bbA7CABA53,0x6f7D621827d817B80C07a644a0A75579444BE530,866,100000000,244521926200600678,15775475,15.775475
0xD10bCB42C7b5381CBB278aFC02CE0ddAc76CCd4b,0x6f7D621827d817B80C07a644a0A75579444BE530,899,3000000,7335657775531606,473264,0.473264
0xB2206f941A5206B55BFA33E665687523A8bcEd80,0x6f7D621827d817B80C07a644a0A75579444BE530,1360,1000000000,2445219252148083469,157754757,157.754757
0x78eDDc163275E9e254557313CaD83D88e680c99f,0x6f7D621827d817B80C07a644a0A75579444BE530,1505,2,348006992,0,0.0
0xea13e2a6c52CE61c506247267D15d3bbA7CABA53,0x955b8520D9026D6247690E0dC8c5E1b1434C4078,867,1000000000,35270441277239063025,327807123,327.807123
0x3FfC07ED6a65E379E39Bef93e713ee3Ff77a56e4,0x955b8520D9026D6247690E0dC8c5E1b1434C4078,869,10000000000,352704412771981749090,3278071242,3278.071242
0xDc7cd28a98E780711D72CC0a7AB484B3ccF89910,0x955b8520D9026D6247690E0dC8c5E1b1434C4078,872,10000000,352704412771981749,3278071,3.278071
0x5b2Eb37B05CB28DbCE6D83Ec25071860Bc6B36CC,0x955b8520D9026D6247690E0dC8c5E1b1434C4078,875,100000000,3527044127719817490,32780712,32.780712
0x7fF3c36212F5B10846B7A2569b7b8a822a900050,0x955b8520D9026D6247690E0dC8c5E1b1434C4078,894,1000000000,35270441277000000000,327807123,327.807123
0xD10bCB42C7b5381CBB278aFC02CE0ddAc76CCd4b,0x955b8520D9026D6247690E0dC8c5E1b1434C4078,900,3000000,105811323831175897,983421,0.983421
0x0415C6D6204B1360511F8961dd91b02e489D6eD6,0x955b8520D9026D6247690E0dC8c5E1b1434C4078,903,1000000000,35270441277129764518,327807123,327.807123
0x8450451c0ADE41470d7D376f72fd2e8e59d6af9d,0x955b8520D9026D6247690E0dC8c5E1b1434C4078,907,100000000,3527044127708957962,32780712,32.780712
0x3d3e5223330a00C76027852E5272f208e0e17031,0x955b8520D9026D6247690E0dC8c5E1b1434C4078,931,100000000,3527044127708957962,32780712,32.780712
0x1BB6c8Cb55a4AbD964e53614d60eBA9E2aB3059D,0x955b8520D9026D6247690E0dC8c5E1b1434C4078,950,100000000,3527044127708957962,32780712,32.780712
0x662A79fBc9ae681d7cD19A7275Aa8b3187CcA622,0x955b8520D9026D6247690E0dC8c5E1b1434C4078,957,10000000000,352704412770393824960,3278071236,3278.071236
0xDbC1278E2275f6Ab82d8B4a032bFc0e2A127f6B6,0x955b8520D9026D6247690E0dC8c5E1b1434C4078,972,1000000000,35270441277058632602,327807123,327.807123
0x9ec2660D482F5aE9CdC6835Af0A4f604701A93e5,0x955b8520D9026D6247690E0dC8c5E1b1434C4078,1223,2050000,72304404617930734,672004,0.672004
0x78eDDc163275E9e254557313CaD83D88e680c99f,0x955b8520D9026D6247690E0dC8c5E1b1434C4078,1518,2,16006854628,0,0.0
0xFF3cbb33c42049ba23C313f05F2907285Ef9086f,0x78b29A83c1Ef7a7ef0faA0eC11Cb3809E5B78402,981,10000000,7698468369846759,0,0.0
0x78eDDc163275E9e254557313CaD83D88e680c99f,0x78b29A83c1Ef7a7ef0faA0eC11Cb3809E5B78402,1527,2,0,0,0.0
0xD10bCB42C7b5381CBB278aFC02CE0ddAc76CCd4b,0xF9e993C8a9fBc63a910DCd1B02b3359cCC373919,986,3000000,2198772522923929,0,0.0
0x78eDDc163275E9e254557313CaD83D88e680c99f,0xF9e993C8a9fBc63a910DCd1B02b3359cCC373919,1528,2,0,0,0.0
0x662A79fBc9ae681d7cD19A7275Aa8b3187CcA622,0x17A8B5B45Df12bE61EE5c057C463634C7B64b00c,1110,52960173386,0,0,0.0
0xD10bCB42C7b5381CBB278aFC02CE0ddAc76CCd4b,0x17A8B5B45Df12bE61EE5c057C463634C7B64b00c,1130,3000000,1440260,1440261,1.440261
0xD10bCB42C7b5381CBB278aFC02CE0ddAc76CCd4b,0xB790e3B54f17eBC1534F5096438b227AEc613C4e,1119,3000000,6416217437738432,0,0.0
0x78eDDc163275E9e254557313CaD83D88e680c99f,0xB790e3B54f17eBC1534F5096438b227AEc613C4e,1502,2,0,0,0.0
0xC3667DcAD0d71301E913b6cb8741538B7CFe251c,0xA20Cc05e12F456b2b97aE2fDAbE0952598831f1C,1340,80000000000,1969575813,1967664675,1967.664675
0xea13e2a6c52CE61c506247267D15d3bbA7CABA53,0xA20Cc05e12F456b2b97aE2fDAbE0952598831f1C,1188,5025598369,500503612,500017958,500.017958
0xD10bCB42C7b5381CBB278aFC02CE0ddAc76CCd4b,0xA20Cc05e12F456b2b97aE2fDAbE0952598831f1C,1253,3000000,249034,248792,0.248792
0x662A79fBc9ae681d7cD19A7275Aa8b3187CcA622,0xA20Cc05e12F456b2b97aE2fDAbE0952598831f1C,1439,50000000000,156980652,156828328,156.828328
0xea13e2a6c52CE61c506247267D15d3bbA7CABA53,0x34091a775D8aC20C402f352BAEBa2CD7E268856d,1191,100000000,208900381994720364,0,0.0
0xD10bCB42C7b5381CBB278aFC02CE0ddAc76CCd4b,0x34091a775D8aC20C402f352BAEBa2CD7E268856d,1236,3000000,6267011453067647,0,0.0
0x66AD8D3E0db87Ae882C1788e2cda9e31cDB4F013,0x34091a775D8aC20C402f352BAEBa2CD7E268856d,1269,1000000000,2089003817689215804,0,0.0
0x78eDDc163275E9e254557313CaD83D88e680c99f,0x34091a775D8aC20C402f352BAEBa2CD7E268856d,1514,2,0,0,0.0
0x02e74F3b930f8443DE58e9D3Bd57fc6b1612e627,0x4D69ecb8Da3B16D5828eC0DCd17B1310Cb96D3A0,1470,200000000,496390,487214,0.487214
0x662A79fBc9ae681d7cD19A7275Aa8b3187CcA622,0x4D69ecb8Da3B16D5828eC0DCd17B1310Cb96D3A0,1433,100186337084,0,0,0.0
0xea13e2a6c52CE61c506247267D15d3bbA7CABA53,0x4D69ecb8Da3B16D5828eC0DCd17B1310Cb96D3A0,1441,10000000000,61437882,60302244,60.302244
0x874C506D93e1bc08d735730A2e20beD16CE5bDB9,0x4D69ecb8Da3B16D5828eC0DCd17B1310Cb96D3A0,1539,100000000,0,0,0.0
0x662A79fBc9ae681d7cD19A7275Aa8b3187CcA622,0xf54e4B28493b4Ec8f2Cf97E0f8209f71FBaC1254,1363,50105723062,0,1,0.000001
0x7fF3c36212F5B10846B7A2569b7b8a822a900050,0xf54e4B28493b4Ec8f2Cf97E0f8209f71FBaC1254,1367,1000000000,0,0,0.0